Name,ID,Billing account,Billing account ID,
My First Project,rock-accord-468416-r7,Billing is disabled,—,
"RaveWaveApp""",ravewaveapp,Billing is disabled,—,
RealTimeConnect,realtimeconnect-hgzpi,Billing is disabled,—,
Qurban,qurban-ikm2j,Billing is disabled,—,
My First Project,universal-wares-468416-f8,Billing is disabled,—,
My First Project,snappy-elf-468218-m9,Billing is disabled,—,
My First Project,mindful-cortex-468417-j4,Billing is disabled,—,
My First Project,planar-maxim-468203-f2,Billing is disabled,—,
Devika ,echoconnect-6whp5,Billing is disabled,—,
My First Project,ecstatic-emblem-468218-h9,Billing is disabled,—,
